Location,Airport,IATA,ICAO
Algiers,Houari Boumediene Airport,ALG,DAAG
Annaba,Rabah Bitat Airport,AAE,DABB
Batna,Batna Airport,BLJ,DABT
Béjaïa,Soummam Airport,BJA,DAAE
Chlef,Chlef International Airport,CFK,DAOI
Constantine,Mohamed Boudiaf International Airport,CZL,DABC
Jijel,Jijel Ferhat Abbas Airport,GJL,DAAV
Oran,Oran Es Senia Airport,ORN,DAOO
Oumache,Biskra Airport,BSK,DAUB
Sétif,Ain Arnat Airport,QSF,DAAS
Tlemcen,Zenata – Messali El Hadj Airport,TLM,DAON
Alexandria,Borg El Arab International Airport,HBE,HEBA
Alexandria,El Nouzha Airport (OPEN),ALY,HEAX
Asyut,Assiut Airport,ATZ,HEAT
Aswan,Aswan International Airport,ASW,HESN
Cairo,Cairo International Airport,CAI,HECA
Cairo,Sphinx International Airport,SPX,HESX
El Arish,El Arish International Airport,AAC,HEAR
El Dabaa,El Alamein International Airport,DBB,HEAL
Hurghada,Hurghada International Airport,HRG,HEGN
Luxor,Luxor International Airport,LXR,HELX
Marsa Alam,Marsa Alam International Airport,RMF,HEMA
Mersa Matruh,Mersa Matruh International Airport,MUH,HEMM
Saint Catherine,St. Catherine International Airport,SKV,HESC
Sharm El Sheikh,Sharm El Sheikh International Airport,SSH,HESH
Sohag,Sohag International Airport,HMB,HEMK
Taba,Taba International Airport,TCP,HETB
Benghazi,Benina International Airport,BEN,HLLB
Sabha,Sabha Airport,SEB,HLLS
Tripoli,Tripoli International Airport,TIP,HLLT
Tajoura,Mitiga International Airport,MJI,HLLM
Agadir,Agadir–Al Massira Airport,AGA,GMAD
Beni Mellal,Beni Mellal Airport,BEM,GMMD
Casablanca,Mohammed V International Airport,CMN,GMMN
Fes,Fès–Saïs Airport,FEZ,GMFF
Marrakesh,Marrakesh Menara Airport,RAK,GMMX
Nador,Nador International Airport,NDR,GMMW
Ouarzazate,Ouarzazate Airport,OZZ,GMMZ
Oujda,Angads Airport,OUD,GMFO
Rabat,Rabat–Salé Airport,RBA,GMME
Tangier,Tangier Ibn Battouta Airport,TNG,GMTT
Tetouan,Sania Ramel Airport,TTU,GMTN
Dakhla,Dakhla Airport,VIL,GMMH
Laayoune,Hassan I Airport,EUN,GMML
Khartoum,Khartoum International Airport,KRT,HSSK
Port Sudan,Port Sudan New International Airport,PZU,HSPN
Djerba,Djerba–Zarzis International Airport,DJE,DTTJ
Enfidha,Enfidha–Hammamet International Airport,NBE,DTNH
Monastir,Monastir Habib Bourguiba International Airport,MIR,DTMB
Sfax,Sfax–Thyna International Airport,SFA,DTTX
Tabarka,Tabarka–Aïn Draham International Airport,TBJ,DTKA
Tozeur,Tozeur–Nefta International Airport,TOE,DTTZ
Tunis,Tunis–Carthage International Airport,TUN,DTTA
Cotonou,Cadjehoun Airport,COO,DBBB
Bobo-Dioulasso,Bobo Dioulasso Airport,BOY,DFOO
Ouagadougou,Thomas Sankara International Airport Ouagadougou,OUA,DFFD
Boa Vista,Aristides Pereira International Airport,BVC,GVBA
Sal Island,Amílcar Cabral International Airport,SID,GVAC
"Praia, Santiago Island",Nelson Mandela International Airport,RAI,GVNP
São Vicente,Cesária Évora Airport,VXE,GVSV
Banjul,Banjul International Airport,BJL,GBYD
Accra,Kotoka International Airport,ACC,DGAA
Kumasi,Kumasi International Airport,KMS,DGSI
Takoradi,Takoradi Airport,TKD,DGTK
Sunyani,Sunyani Airport,NYI,DGSN
Ho,Ho Airport,HZO,DGAH
Wa,Wa Airport,WZA,DGLW
Tamale,Tamale Airport,TML,DGLE
Conakry,Conakry International Airport,CKY,GUCY
Bissau,Osvaldo Vieira International Airport,OXB,GGOV
Abidjan,Félix-Houphouët-Boigny International Airport,ABJ,DIAP
Monrovia,Roberts International Airport,ROB,GLRB
Bamako,Modibo Keita International Airport,BKO,GABS
Nouakchott,Nouakchott–Oumtounsy International Airport,NKC,GQNN
Nouadhibou,Nouadhibou International Airport,NDB,GQPP
Atar,Atar International Airport,ATR,GQPA
Niamey,Diori Hamani International Airport,NIM,DRRN
Abuja,Nnamdi Azikiwe International Airport,ABV,DNAA
Calabar,Margaret Ekpo International Airport,CBQ,DNCA
"Asaba, Delta",Asaba International Airport,ABB,DNAS
Kano,Mallam Aminu Kano International Airport,KAN,DNKN
Lagos,Murtala Muhammed International Airport,LOS,DNMM
Port Harcourt,Port Harcourt International Airport,PHC,DNPO
Enugu,Akanu Ibiam International Airport,ENU,DNEN
Sokoto,Sadiq Abubakar III International Airport,SKO,DNSO
Saint Helena,Saint Helena Airport,HLE,FHSH
Dakar,Blaise Diagne International Airport,DSS,GOBD
Freetown,Lungi International Airport,FNA,GFLL
Lomé,Lomé–Tokoin International Airport,LFW,DXXX
Luanda,Quatro de Fevereiro Airport,LAD,FNLU
Lubango,Lubango Airport,SDD,FNUB
Douala,Douala International Airport,DLA,FKKD
Yaoundé,Yaoundé Nsimalen International Airport,NSI,FKYS
Bangui,Bangui M'Poko International Airport,BGF,FEFF
N'Djamena,N'Djamena International Airport,NDJ,FTTJ
Goma,Goma International Airport,GOM,FZNA
Kinshasa,N'djili Airport,FIH,FZAA
Kisangani,Kisangani Bangoka International Airport,FKI,FZIC
Lubumbashi,Lubumbashi International Airport,FBM,FZQA
Malabo,Malabo International Airport,SSG,FGSL
Franceville,M'Vengue El Hadj Omar Bongo Ondimba International Airport,MVB,FOON
Libreville,Léon-Mba International Airport,LBV,FOOL
Port-Gentil,Port-Gentil International Airport,POG,FOOG
Brazzaville,Maya-Maya Airport,BZV,FCBB
Pointe-Noire,Agostinho-Neto International Airport,PNR,FCPP
São Tomé,São Tomé International Airport,TMS,FPST
Gaborone,Sir Seretse Khama International Airport,GBE,FBSK
Maun,Maun Airport,MUB,FBMN
Francistown,Francistown International Airport,FRW,FBFT
Kasane,Kasane Airport,BBK,FBKE
Manzini,King Mswati III International Airport,SHO,FDSK
Maseru,Moshoeshoe I International Airport,MSU,FXMM
Windhoek,Hosea Kutako International Airport,WDH,FYWH
Walvis Bay,Walvis Bay Airport,WVB,FYWB
Bloemfontein,Bram Fischer International Airport,BFN,FABL
Cape Town,Cape Town International Airport,CPT,FACT
Durban,King Shaka International Airport,DUR,FALE
East London,East London Airport,ELS,FAEL
Johannesburg,O. R. Tambo International Airport,JNB,FAOR
Johannesburg,Lanseria International Airport,HLA,FALA
Nelspruit,Kruger Mpumalanga International Airport,MQP,FAKN
Polokwane,Polokwane International Airport,PTG,FAPP
Bujumbura,Bujumbura International Airport,BJM,HBBA
Moroni,Prince Said Ibrahim International Airport,HAH,FMCH
Djibouti,Djibouti–Ambouli International Airport,JIB,HDAM
Asmara,Asmara International Airport,ASM,HHAS
Addis Ababa,Addis Ababa Bole International Airport,ADD,HAAB
Dire Dawa,Dire Dawa Airport,DIR,HADR
Eldoret,Eldoret International Airport,EDL,HKEL
Mombasa,Moi International Airport,MBA,HKMO
Kisumu,Kisumu International Airport,KIS,HKKI
Nairobi,Jomo Kenyatta International Airport,NBO,HKJK
Antananarivo,Ivato International Airport,TNR,FMMI
Antsiranana,Arrachart Airport,DIE,FMNA
Mahajanga,Amborovy Airport,MJN,FMNM
Nosy Be,Fascene Airport,NOS,FMNN
Toamasina,Toamasina Airport,TMM,FMMT
Tôlanaro,Tôlanaro Airport,FTU,FMSD
Toliara,Toliara Airport,TLE,FMST
Blantyre,Chileka International Airport,BLZ,FWCL
Lilongwe,Lilongwe International Airport,LLW,FWKI
Plaine Magnien,Sir Seewoosagur Ramgoolam International Airport,MRU,FIMP
Dzaoudzi,Dzaoudzi–Pamandzi International Airport,DZA,FMCZ
Maputo,Maputo International Airport,MPM,FQMA
Beira,Beira Airport,BEW,FQBR
Inhambane,Inhambane Airport,INH,FQIN
Nampula,Nampula Airport,APL,FQNP
Pemba,Pemba Airport,POL,FQPB
Tete,Chingozi Airport,TET,FQTT
Vilankulo,Vilankulo Airport,VNX,FQVL
Saint-Denis,Roland Garros Airport,RUN,FMEE
Kigali,Kigali International Airport,KGL,HRYR
Victoria,Seychelles International Airport,SEZ,FSIA
Bosaso,Bosaso Airport,BSA,HCMF
Galkayo,Abdullahi Yusuf Airport,GLK,HCMR
Garowe,Garowe Airport,GGR,HCMW
Hargeisa,Hargeisa Airport,HGA,HCMH
Kismayo,Kismayo Airport,KMU,HCMK
Mogadishu,Aden Adde International Airport,MGQ,HCMM
Juba,Juba International Airport,JUB,HSSJ
Malakal,Malakal Airport,MAK,HSSM
Arusha,Arusha Airport,ARK,HTAR
Dar es Salaam,Julius Nyerere International Airport,DAR,HTDA
Hai District,Kilimanjaro International Airport,JRO,HTKJ
Mwanza,Mwanza Airport,MWZ,HTMW
Tanga,Tanga Airport,TGT,HTTG
"Unguja, Zanzibar",Abeid Amani Karume International Airport,ZNZ,HTZA
Arua,Arua Airport,RUA,HUAR
Entebbe,Entebbe International Airport,EBB,HUEN
Gulu,Gulu Airport,ULU,HUGU
Livingstone,Harry Mwanga Nkumbula International Airport,LVI,FLLI
Lusaka,Kenneth Kaunda International Airport,LUN,FLKK
Mfuwe,Mfuwe Airport,MFU,FLMF
Ndola,Simon Mwansa Kapwepwe International Airport,NLA,FLSK
Harare,Robert Gabriel Mugabe International Airport,HRE,FVHA
Victoria Falls,Victoria Falls Airport,VFA,FVFA
Bulawayo,Joshua Mqabuko Nkomo International Airport,BUQ,FVBU
The Valley,Clayton J. Lloyd International Airport,AXA,TQPF
St. John’s,V. C. Bird International Airport,ANU,TAPA
Oranjestad,Queen Beatrix International Airport,AUA,TNCA
Nassau,Lynden Pindling International Airport,NAS,MYNN
Chub Cay,Chub Cay International Airport,CCZ,MYBC
Exuma,Exuma International Airport,GGT,MYEF
Freeport,Grand Bahama International Airport,FPO,MYGF
North Eleuthera,North Eleuthera Airport,ELH,MYEH
South Eleuthera,Rock Sound International Airport,RSD,MYER
Marsh Harbour,Marsh Harbour International Airport,MHH,MYAM
Bridgetown,Grantley Adams International Airport,BGI,TBPB
Road Town,Terrance B. Lettsome International Airport,EIS,TUPJ
"Kralendijk, Bonaire",Flamingo International Airport,BON,TNCB
"Oranjestad, Sint Eustatius",F. D. Roosevelt Airport,EUX,TNCE
"Flat Point, Saba",Juancho E. Yrausquin Airport,SAB,TNCS
Cayman Brac,Charles Kirkconnell International Airport,CYB,MWCB
Georgetown,Owen Roberts International Airport,GCM,MWCR
Camagüey,Ignacio Agramonte International Airport,CMW,MUCM
Cayo Coco,Jardines del Rey Airport,CCC,MUCC
Cayo Largo del Sur,Vilo Acuña Airport,CYO,MUCL
Cienfuegos,Jaime González Airport,CFG,MUCF
Havana,José Martí International Airport,HAV,MUHA
Holguín,Frank País Airport,HOG,MUHG
Santa Clara,Abel Santamaría Airport,SNU,MUSC
Santiago de Cuba,Antonio Maceo Airport,SCU,MUCU
Varadero,Juan Gualberto Gómez Airport,VRA,MUVR
Willemstad,Curaçao International Airport,CUR,TNCC
Marigot,Douglas–Charles Airport,DOM,TDPD
Barahona,María Montez International Airport,BRX,MDBH
La Romana,La Romana International Airport,LRM,MDLR
Punta Cana,Punta Cana International Airport,PUJ,MDPC
Samana,Samaná El Catey International Airport,AZS,MDCY
San Felipe de Puerto Plata,Gregorio Luperón International Airport,POP,MDPP
Santiago de los Caballeros,Cibao International Airport,STI,MDST
Santo Domingo,Las Américas International Airport,SDQ,MDSD
St George’s,Maurice Bishop International Airport,GND,TGPY
Pointe-à-Pitre,Pointe-à-Pitre International Airport,PTP,TFFR
Cap-Haïtien,Cap-Haïtien International Airport,CAP,MTCH
Port-au-Prince,Toussaint Louverture International Airport,PAP,MTPP
Kingston,Norman Manley International Airport,KIN,MKJP
Montego Bay,Sangster International Airport,MBJ,MKJS
Fort-de-France,Martinique Aimé Césaire International Airport,FDF,TFFF
Brades,John A. Osborne Airport,MNI,TRPG
Aguadilla,Rafael Hernández Airport,BQN,TJBQ
San Juan,Luis Muñoz Marín International Airport,SJU,TJSJ
Saint Jean,Gustaf III Airport,SBH,TFFJ
Basseterre,Robert L. Bradshaw International Airport,SKB,TKPK
Vieux Fort Quarter,Hewanorra International Airport,UVF,TLPL
Kingstown,Argyle International Airport,SVD,TVSA
Canouan,Canouan Airport,CIW,TVSC
Philipsburg,Princess Juliana International Airport,SXM,TNCM
Port of Spain,Piarco International Airport,POS,TTPP
Tobago,A.N.R. Robinson International Airport,TAB,TTCP
Blue Hills,Providenciales Airport,PLS,MBPV
Charlotte Amalie,Cyril E. King Airport,STT,TIST
Christiansted,Henry E. Rohlsen Airport,STX,TISX
Belize City,Philip S. W. Goldson International Airport,BZE,MZBZ
Liberia,Daniel Oduber Quirós International Airport,LIR,MRLB
San José,Juan Santamaría International Airport,SJO,MROC
San Salvador,El Salvador International Airport,SAL,MSLP
Flores,Mundo Maya International Airport,FRS,MGTK
Guatemala City,La Aurora International Airport,GUA,MGGT
La Ceiba,Golosón International Airport,LCE,MHLC
Roatán,Juan Manuel Gálvez International Airport,RTB,MHRO
San Pedro Sula,Ramón Villeda Morales International Airport,SAP,MHLM
Tegucigalpa,Toncontín International Airport,TGU,MHTG
Comayagua,Comayagua International Airport,XPL,MHPR
Managua,Augusto C. Sandino International Airport,MGA,MNMG
Bluefields,Bluefields Airport,BEF,MNBL
Corn Island,Corn Island Airport,RNI,MNCI
Bocas del Toro,"Bocas del Toro ""Isla Colón"" International Airport",BOC,MPBO
"David, Chiriquí",Enrique Malek International Airport,DAV,MPDA
Panama City,"Albrook ""Marcos A. Gelabert"" International Airport",PAC,MPMG
Panama City,Panama Pacifico International Airport,BLB,MPPA
Panama City,Tocumen International Airport,PTY,MPTO
Rio Hato,Scarlett Martínez International Airport,RIH,MPSM
Hamilton,L.F. Wade International Airport,BDA,TXKF
Abbotsford,Abbotsford International Airport,YXX,CYXX
Calgary,Calgary International Airport,YYC,CYYC
Edmonton,Edmonton International Airport,YEG,CYEG
Fredericton,Fredericton International Airport,YFC,CYFC
Gander,Gander International Airport,YQX,CYQX
Halifax (Goffs),Halifax Stanfield International Airport,YHZ,CYHZ
Hamilton,John C. Munro Hamilton International Airport,YHM,CYHM
Kitchener,Region of Waterloo International Airport,YKF,CYKF
London,London International Airport,YXU,CYXU
Moncton (Dieppe),Greater Moncton Roméo LeBlanc International Airport,YQM,CYQM
Montréal (Dorval),Montréal–Trudeau International Airport,YUL,CYUL
Ottawa,Ottawa Macdonald–Cartier International Airport,YOW,CYOW
Québec City,Québec City Jean Lesage International Airport,YQB,CYQB
Regina,Regina International Airport,YQR,CYQR
Saint John,Saint John Airport,YSJ,CYSJ
St. John's,St. John's International Airport,YYT,CYYT
Thunder Bay,Thunder Bay International Airport,YQT,CYQT
Toronto (Mississauga),Toronto Pearson International Airport,YYZ,CYYZ
Toronto,Billy Bishop Toronto City Airport,YTZ,CYTZ
Vancouver (Richmond),Vancouver International Airport,YVR,CYVR
Victoria (Sidney),Victoria International Airport,YYJ,CYYJ
Whitehorse,Erik Nielsen Whitehorse International Airport,YXY,CYXY
Windsor,Windsor International Airport,YQG,CYQG
Winnipeg,Winnipeg James Armstrong Richardson International Airport,YWG,CYWG
Kangerlussuaq,Kangerlussuaq Airport,SFJ,BGSF
Nuuk,Nuuk Airport,GOH,BGGH
Ilulissat,Ilulissat Airport,JAV,BGJN
Narsarsuaq,Narsarsuaq Airport,UAK,BGBW
Acapulco,Acapulco International Airport,ACA,MMAA
Aguascalientes,Aguascalientes International Airport,AGU,MMAS
Cancún,Cancún International Airport,CUN,MMUN
Chihuahua,Chihuahua International Airport,CUU,MMCU
Ciudad del Carmen,Ciudad del Carmen International Airport,CME,MMCE
Cozumel,Cozumel International Airport,CZM,MMCZ
Culiacán,Culiacán International Airport,CUL,MMCL
Durango,Durango International Airport,DGO,MMDO
Guadalajara,Guadalajara International Airport,GDL,MMGL
Hermosillo,Hermosillo International Airport,HMO,MMHO
Huatulco,Bahías de Huatulco International Airport,HUX,MMBT
Ixtapa,Ixtapa-Zihuatanejo International Airport,ZIH,MMZH
León,León/Bajío International Airport,BJX,MMLO
Loreto,Loreto International Airport,LTO,MMLT
Los Cabos,Cabo San Lucas International Airport,CSL,MMSL
Los Cabos,Los Cabos International Airport,SJD,MMSD
Manzanillo,Playa de Oro International Airport,ZLO,MMZO
Mazatlán,Mazatlán International Airport,MZT,MMMZ
Mérida,Mérida International Airport,MID,MMMD
Mexicali,Mexicali International Airport,MXL,MMML
Mexico City,Mexico City International Airport,MEX,MMMX
Mexico City,Felipe Ángeles International Airport,NLU,MMSM
Monterrey,Monterrey International Airport,MTY,MMMY
Morelia,Morelia International Airport,MLM,MMMM
Oaxaca,Oaxaca International Airport,OAX,MMOX
Puebla,Puebla International Airport,PBC,MMPB
Puerto Escondido,Puerto Escondido International Airport,PXM,MMPS
Puerto Vallarta,Puerto Vallarta International Airport,PVR,MMPR
Querétaro,Querétaro Intercontinental Airport,QRO,MMQT
Reynosa,Reynosa International Airport,REX,MMRX
Saltillo,Saltillo International Airport,SLW,MMIO
San Luis Potosí,San Luis Potosí International Airport,SLP,MMSP
Tampico,Tampico International Airport,TAM,MMTM
Tepic,Tepic International Airport,TPQ,MMEP
Tijuana,Tijuana International Airport,TIJ,MMTJ
Toluca,Toluca International Airport,TLC,MMTO
Torreón,Torreón International Airport,TRC,MMTC
Tulum,Tulum International Airport,TQO,MMTL
Uruapan,Uruapan International Airport,UPN,MMPN
Tuxtla Gutiérrez,Tuxtla Gutiérrez International Airport,TGZ,MMTG
Uruapan,Uruapan International Airport,UPN,MMPN
Veracruz,Veracruz International Airport,VER,MMVR
Villahermosa,Villahermosa International Airport,VSA,MMVA
Zacatecas,Zacatecas International Airport,ZCL,MMZC
Saint-Pierre,Saint-Pierre Airport,FSP,LFVP
Akron,Akron Executive Airport,AKC,KAKR
Albany,Albany International Airport,ALB,KALB
Albuquerque,Albuquerque International Sunport,ABQ,KABQ
Amarillo,Rick Husband Amarillo International Airport,AMA,KAMA
Anchorage,Anchorage International Airport,ANC,PANC
Appleton,Appleton International Airport,ATW,KATW
Atlanta,Hartsfield–Jackson Atlanta International Airport,ATL,KATL
Atlantic City,Atlantic City International Airport,ACY,KACY
Austin (TX),Austin–Bergstrom International Airport,AUS,KAUS
Baltimore,Baltimore/Washington International Airport,BWI,KBWI
Bangor,Bangor International Airport,BGR,KBGR
Baudette,Baudette International Airport,BDE,KBDE
Bellingham,Bellingham International Airport,BLI,KBLI
Birmingham,Birmingham–Shuttlesworth International Airport,BHM,KBHM
Boise,Boise Airport,BOI,KBOI
Boston,Logan International Airport,BOS,KBOS
Brownsville,Brownsville/South Padre Island International Airport,BRO,KBRO
Buffalo,Buffalo Niagara International Airport,BUF,KBUF
Calexico,Calexico International Airport,CXL,KCXL
Charlotte,Charlotte Douglas International Airport,CLT,KCLT
Charleston (SC),Charleston International Airport,CHS,KCHS
Chicago,Midway International Airport,MDW,KMDW
Chicago,O'Hare International Airport,ORD,KORD
Cincinnati (OH) (Hebron),Cincinnati/Northern Kentucky International Airport,CVG,KCVG
Cleveland,Cleveland Hopkins International Airport,CLE,KCLE
Columbia (SC),Columbia Metropolitan Airport,CAE,KCAE
Columbus (OH),John Glenn Columbus International Airport,CMH,KCMH
Columbus (OH),Rickenbacker International Airport,LCK,KLCK
Corpus Christi,Corpus Christi International Airport,CRP,KCRP
Dallas,Dallas Love Field,DAL,KDAL
Dallas/Fort Worth,Dallas/Fort Worth International Airport,DFW,KDFW
Dayton (OH),Dayton International Airport,DAY,KDAY
Denver,Denver International Airport,DEN,KDEN
Des Moines (IA),Des Moines International Airport,DSM,KDSM
Detroit,Detroit Metropolitan Airport,DTW,KDTW
Duluth,Duluth International Airport,DLH,KDLH
El Paso,El Paso International Airport,ELP,KELP
Erie,Erie International Airport,ERI,KERI
Fairbanks,Fairbanks International Airport,FAI,PAFA
Fort Lauderdale,Fort Lauderdale–Hollywood International Airport,FLL,KFLL
Fort Myers,Southwest Florida International Airport,RSW,KRSW
Fresno,Fresno Yosemite International Airport,FAT,KFAT
Gary,Gary/Chicago International Airport,GYY,KGYY
Grand Rapids,Gerald R. Ford International Airport,GRR,KGRR
Green Bay,Green Bay–Austin Straubel International Airport,GRB,KGRB
Greensboro,Piedmont Triad International Airport,GSO,KGSO
Greenville,Greenville-Spartanburg International Airport,GSP,KGSP
Gulfport,Gulfport-Biloxi International Airport,GPT,KGPT
Harlingen,Valley International Airport,HRL,KHRL
Harrisburg,Harrisburg International Airport,MDT,KMDT
Hartford (CT),Bradley International Airport,BDL,KBDL
Hilo,Hilo International Airport,ITO,PHTO
Honolulu,Daniel K. Inouye International Airport,HNL,PHNL
Houston,George Bush Intercontinental Airport,IAH,KIAH
Houston,William P. Hobby Airport,HOU,KHOU
Huntsville (AL),Huntsville International Airport,HSV,KHSV
Indianapolis,Indianapolis International Airport,IND,KIND
International Falls,Falls International Airport,INL,KINL
Jackson (MS),Jackson–Medgar Wiley Evers International Airport,JAN,KJAN
Jacksonville,Jacksonville International Airport,JAX,KJAX
Juneau,Juneau International Airport,JNU,PAJN
Kailua-Kona,Kona International Airport,KOA,PHKO
Kansas City (MO),Kansas City International Airport,MCI,KMCI
Ketchikan,Ketchikan International Airport,KTN,PAKT
Key West,Key West International Airport,EYW,KEYW
Kissimmee,Kissimmee Gateway Airport,ISM,KISM
Knoxville,McGhee Tyson Airport,TYS,KTYS
Lakeland,Lakeland Linder International Airport,LAL,KLAL
Lansing,Capital Region International Airport,LAN,KLAN
Las Vegas,Harry Reid International Airport,LAS,KLAS
Little Rock,Bill and Hillary Clinton National Airport,LIT,KLIT
Los Angeles,Los Angeles International Airport,LAX,KLAX
Louisville,Louisville International Airport,SDF,KSDF
Lubbock,Lubbock Preston Smith International Airport,LBB,KLBB
Madison (WI),Dane County Regional Airport,MSN,KMSN
McAllen,McAllen Miller International Airport,MFE,KMFE
Melbourne (FL),Melbourne Orlando International Airport,MLB,KMLB
Memphis,Memphis International Airport,MEM,KMEM
Miami,Miami International Airport,MIA,KMIA
Midland/Odessa,Midland International Air and Space Port,MAF,KMAF
Milwaukee,General Mitchell International Airport,MKE,KMKE
Minneapolis/St. Paul,Minneapolis/St. Paul International Airport,MSP,KMSP
Myrtle Beach,Myrtle Beach International Airport,MYR,KMYR
Nashville,Nashville International Airport,BNA,KBNA
New Orleans,Louis Armstrong New Orleans International Airport,MSY,KMSY
New York City (Queens),John F. Kennedy International Airport,JFK,KJFK
New York City (Queens),LaGuardia Airport,LGA,KLGA
Newark,Newark Liberty International Airport,EWR,KEWR
Newburgh,Stewart International Airport,SWF,KSWF
Newport News,Newport News/Williamsburg International Airport,PHF,KPHF
Niagara Falls,Niagara Falls International Airport,IAG,KIAG
Norfolk (VA),Norfolk International Airport,ORF,KORF
Oakland,Oakland International Airport,OAK,KOAK
Oklahoma City,Will Rogers World Airport,OKC,KOKC
Omaha,Eppley Airfield,OMA,KOMA
Ontario,Ontario International Airport,ONT,KONT
Orange County (CA),John Wayne Airport,SNA,KSNA
Orlando,Orlando International Airport,MCO,KMCO
Palm Springs,Palm Springs International Airport,PSP,KPSP
Panama City (FL),Northwest Florida Beaches International Airport,ECP,KECP
Pensacola,Pensacola International Airport,PNS,KPNS
Philadelphia,Philadelphia International Airport,PHL,KPHL
Phoenix,Phoenix Sky Harbor International Airport,PHX,KPHX
Phoenix/Mesa,Phoenix–Mesa Gateway Airport,AZA,KIWA
Pittsburgh,Pittsburgh International Airport,PIT,KPIT
Portland (ME),Portland International Jetport,PWM,KPWM
Portland (OR),Portland International Airport,PDX,KPDX
Providence (Warwick),Rhode Island T. F. Green International Airport,PVD,KPVD
Racine,Batten International Airport,RAC,KRAC
Raleigh/Durham,Raleigh–Durham International Airport,RDU,KRDU
Reno,Reno–Tahoe International Airport,RNO,KRNO
Richmond (VA) (Sandston),Richmond International Airport,RIC,KRIC
Rochester (MN),Rochester International Airport,RST,KRST
Rochester (NY),Greater Rochester International Airport,ROC,KROC
Rockford (IL),Chicago Rockford International Airport,RFD,KRFD
Sacramento,Sacramento International Airport,SMF,KSMF
Salt Lake City,Salt Lake City International Airport,SLC,KSLC
San Antonio,San Antonio International Airport,SAT,KSAT
San Bernardino,San Bernardino International Airport,SBD,KSBD
San Diego,San Diego International Airport,SAN,KSAN
San Francisco,San Francisco International Airport,SFO,KSFO
San Jose (CA),San Jose International Airport,SJC,KSJC
Sanford (FL),Orlando Sanford International Airport,SFB,KSFB
Sarasota/Bradenton,Sarasota–Bradenton International Airport,SRQ,KSRQ
Savannah (GA),Savannah/Hilton Head International Airport,SAV,KSAV
Seattle,Kenmore Air Harbor Seaplane Base,LKE,LKE
Seattle,King County International Airport,BFI,KBFI
Seattle,Seattle–Tacoma International Airport,SEA,KSEA
Sheboygan,Sheboygan County Memorial Airport,SBM,KSBM
Everett (WA),Paine Field,PAE,KPAE
Spokane,Spokane International Airport,GEG,KGEG
St. Louis,St. Louis Lambert International Airport,STL,KSTL
St. Petersburg (FL),St. Pete–Clearwater International Airport,PIE,KPIE
Syracuse,Syracuse Hancock International Airport,SYR,KSYR
Tallahassee,Tallahassee International Airport,TLH,KTLH
Tampa,Tampa International Airport,TPA,KTPA
Tucson,Tucson International Airport,TUS,KTUS
Tulsa,Tulsa International Airport,TUL,KTUL
"Washington, D.C.",Ronald Reagan Washington National Airport**,DCA,KDCA
"Washington, D.C.",Dulles International Airport,IAD,KIAD
West Palm Beach,Palm Beach International Airport,PBI,KPBI
Wilkes-Barre/Scranton,Wilkes-Barre/Scranton International Airport,AVP,KAVP
Wilmington (NC),Wilmington International Airport,ILM,KILM
Buenos Aires,Ministro Pistarini International Airport,EZE,SAEZ
Buenos Aires,Aeroparque Jorge Newbery,AEP,SABE
Bariloche,San Carlos de Bariloche Airport,BRC,SAZS
Comodoro Rivadavia,General Enrique Mosconi International Airport,CRD,SAVC
Córdoba,Ingeniero Aeronáutico Ambrosio L.V. Taravella International Airport,COR,SACO
Corrientes,Doctor Fernando Piragine Niveyro International Airport,CNQ,SARC
El Calafate,Comandante Armando Tola International Airport,FTE,SAWC
El Palomar,El Palomar Airport,EPA,SADP
Esquel,Brigadier General Antonio Parodi International Airport,EQS,SAVE
Formosa,Formosa International Airport,FMA,SARF
Mar del Plata,Ástor Piazzolla International Airport,MDQ,SAZM
Mendoza,Governor Francisco Gabrielli International Airport,MDZ,SAME
Neuquén,Presidente Perón International Airport,NQN,SAZN
Posadas,Libertador General José de San Martín Airport,PSS,SARP
Puerto Iguazú,Cataratas del Iguazú International Airport,IGR,SARI
Resistencia,Resistencia International Airport,RES,SARE
Río Gallegos,Piloto Civil Norberto Fernández International Airport,RGL,SAWG
Río Grande,Hermes Quijada International Airport,RGA,SAWE
Rosario,Rosario – Islas Malvinas International Airport,ROS,SAAR
Salta,Martín Miguel de Güemes International Airport,SLA,SASA
San Miguel de Tucumán,Teniente Benjamín Matienzo International Airport,TUC,SANT
San Salvador de Jujuy,Gobernador Horacio Guzmán International Airport,JUJ,SASJ
Santa Rosa del Conlara,Valle del Conlara Airport,RLO,SAOS
Termas de Río Hondo,Termas de Río Hondo International Airport,RHD,SANH
Trelew,Almirante Marcos A. Zar Airport,REL,SAVT
Ushuaia,Ushuaia – Malvinas Argentinas International Airport,USH,SAWH
La Paz,El Alto International Airport,LPB,SLLP
Santa Cruz de la Sierra,Viru Viru International Airport,VVI,SLVR
Cochabamba,Jorge Wilstermann International Airport,CBB,SLCB
Aracaju,Santa Maria Airport,AJU,SBAR
Belém,Val de Cães International Airport,BEL,SBBE
Belo Horizonte,Tancredo Neves International Airport,CNF,SBCF
Boa Vista,Boa Vista International Airport,BVB,SBBV
Brasília,Brasília International Airport,BSB,SBBR
Campinas,Viracopos International Airport,VCP,SBKP
Campo Grande,Campo Grande International Airport,CGR,SBCG
Cuiabá,Marechal Rondon International Airport,CGB,SBCY
Curitiba,Afonso Pena International Airport,CWB,SBCT
Florianópolis,Hercílio Luz International Airport,FLN,SBFL
Fortaleza,Pinto Martins International Airport,FOR,SBFZ
Foz do Iguaçu,Foz do Iguaçu International Airport,IGU,SBFI
Goiânia,Santa Genoveva Airport,GYN,SBGO
João Pessoa,Presidente Castro Pinto International Airport,JPA,SBJP
Maceió,Zumbi dos Palmares International Airport,MCZ,SBMO
Manaus,Eduardo Gomes International Airport,MAO,SBEG
Natal,Greater Natal International Airport,NAT,SBNT
Petrolina,Petrolina Airport,PNZ,SBPL
Porto Alegre,Salgado Filho Porto Alegre International Airport,POA,SBPA
Porto Velho,Governador Jorge Teixeira de Oliveira International Airport,PVH,SBPV
Recife,Guararapes International Airport,REC,SBRF
Rio Branco,Rio Branco International Airport,RBR,SBRB
Rio de Janeiro,Rio de Janeiro/Galeão International Airport,GIG,SBGL
Rio de Janeiro,Santos Dumont Airport,SDU,SBRJ
Salvador,Deputado Luís Eduardo Magalhães International Airport,SSA,SBSV
São Luís,Marechal Cunha Machado International Airport,SLZ,SBSL
São Paulo,São Paulo–Congonhas Airport,CGH,SBSP
São Paulo,São Paulo/Guarulhos International Airport,GRU,SBGR
Teresina,Teresina Airport,THE,SBTE
Uberlândia,Uberlândia Airport,UDI,SBUL
Vitória,Eurico de Aguiar Salles Airport,VIX,SBVT
Antofagasta,Andrés Sabella Gálvez International Airport,ANF,SCFA
Concepción,Carriel Sur International Airport,CCP,SCIE
Puerto Montt,El Tepual International Airport,PMC,SCTE
Punta Arenas,Presidente Carlos Ibáñez del Campo International Airport,PUQ,SCCI
Santiago,Arturo Merino Benítez International Airport,SCL,SCEL
Armenia,El Edén International Airport,AXM,SKAR
Barranquilla,Ernesto Cortissoz International Airport,BAQ,SKBQ
Bogotá,El Dorado International Airport,BOG,SKBO
Bucaramanga,Palonegro International Airport,BGA,SKBG
Buenaventura,Gerardo Tobar López Airport,BUN,SKBU
Cali,Alfonso Bonilla Aragón International Airport,CLO,SKCL
Cartagena,Rafael Núñez International Airport,CTG,SKCG
Cúcuta,Camilo Daza International Airport,CUC,SKCC
Ibagué,Perales Airport,IBE,SKIB
Ipiales,San Luis Airport,IPI,SKIP
Florencia,Gustavo Artunduaga Paredes Airport,FLA,SKFL
Leticia,Alfredo Vásquez Cobo International Airport,LET,SKLT
Maicao,Jorge Isaacs Airport,MCJ,SKLM
Manizales,La Nubia Airport,MZL,SKMZ
Medellín,José María Córdova International Airport,MDE,SKRG
Mitú,Fabio Alberto León Bentley Airport,MVP,SKMU
Montería,Los Garzones Airport,MTR,SKMR
Neiva,Benito Salas Airport,NVA,SKNV
Pasto,Antonio Nariño Airport,PSO,SKPS
Pereira,Matecaña International Airport,PEI,SKPE
Popayán,Guillermo León Valencia Airport,PPN,SKPP
Providence Island,El Embrujo Airport,PVA,SKPV
Quibdó,El Caraño Airport,UIB,SKUI
Riohacha,Almirante Padilla Airport,RCH,SKRH
San Andrés,Gustavo Rojas Pinilla International Airport,ADZ,SKSP
Tolú,Golfo de Morrosquillo Airport,TLU,SKTL
Tumaco,La Florida Airport,TCO,SKCO
Santa Marta,Simón Bolívar International Airport,SMR,SKSM
Sincelejo,Las Brujas Airport,CZU,SKCZ
Valledupar,Alfonso López Pumarejo Airport,VUP,SKVP
Villavicencio,La Vanguardia Airport,VVC,SKVV
Yopal,El Alcaraván Airport,EYP,SKYP
Cuenca,Mariscal Lamar International Airport,CUE,SECU
Esmeraldas,Carlos Concha Torres International Airport,ESM,SETN
Guayaquil,José Joaquín de Olmedo International Airport,GYE,SEGU
Machala,Santa Rosa International Airport,ETR,SERO
Manta,Eloy Alfaro International Airport,MEC,SEMT
Quito,Mariscal Sucre International Airport,UIO,SEQM
Tulcán,Teniente Coronel Luis a Mantilla International Airport,TUA,SETU
Mount Pleasant,RAF Mount Pleasant,MPN,EGYP
Cayenne,Cayenne – Félix Eboué Airport,CAY,SOCA
Georgetown,Cheddi Jagan International Airport,GEO,SYCJ
Asunción,Silvio Pettirossi International Airport,ASU,SGAS
Ciudad del Este,Guaraní International Airport,AGT,SGES
Arequipa,Rodríguez Ballón International Airport,AQP,SPQU
Chiclayo,José Quiñones González International Airport,CIX,SPHI
Cusco,Alejandro Velasco Astete International Airport,CUZ,SPZO
Lima,Jorge Chávez International Airport,LIM,SPJC
Trujillo,Carlos Martínez de Pinillos International Airport,TRU,SPRU
Paramaribo,Johan Adolf Pengel International Airport,PBM,SMJP
Montevideo,Carrasco International Airport,MVD,SUMU
Punta del Este,Capitán de Corbeta Carlos A. Curbelo International Airport,PDP,SULS
Rivera,Rivera International Airport,RVY,SURV
Caracas,Simón Bolívar International Airport,CCS,SVMI
Maracaibo,La Chinita International Airport,MAR,SVMC
Valencia,Arturo Michelena International Airport,VLN,SVVA
Aktau,Aktau Airport,SCO,UATE
Aktobe,Aktobe International Airport,AKX,UATT
Almaty,Almaty International Airport,ALA,UAAA
Astana,Nursultan Nazarbayev International Airport,NQZ,UACC
Atyrau,Atyrau Airport,GUW,UATG
Karaganda,Karaganda Airport,KGF,UAKK
Kokshetau,Kokshetau Airport,KOV,UACK
Kostanay,Kostanay Airport,KSN,UAUU
Kyzylorda,Kyzylorda Airport,KZO,UAOO
Oral,Oral Ak Zhol Airport,URA,UARR
Oskemen,Oskemen Airport,UKK,UASK
Pavlodar,Pavlodar Airport,PWQ,UASP
Petropavl,Petropavl Airport,PPK,UACP
Semey,Semey Airport,PLX,UASS
Şymkent,Şymkent International Airport,CIT,UAII
Taraz,Taraz Airport,DMB,UADD
Bishkek,Manas International Airport,FRU,UCFM
Issyk-Kul,Issyk-Kul International Airport,IKU,UCFL
Karakol,Karakol International Airport,,
Osh,Osh Airport,OSS,UCFO
Bokhtar,Bokhtar International Airport,KQT,UTDT
Dushanbe,Dushanbe Airport,DYU,UTDD
Khujand,Khujand Airport,LBD,UTDL
Kulob,Kulob Airport,TJU,UTDK
Ashgabat,Ashgabat Airport,ASB,UTAA
Daşoguz,Daşoguz Airport,TAZ,UTAT
Mary,Mary International Airport,MYP,UTAM
Türkmenabat,Turkmenabat International Airport,CRZ,UTAV
Turkmenbashi,Turkmenbashi International Airport,KRW,UTAK
Andijan,Andizhan Airport,AZN,UTKA
Bukhara,Bukhara International Airport,BHK,UTSB
Fergana,Fergana International Airport,FEG,UTKF
Qarshi,Karshi Airport,KSQ,UTSK
Namangan,Namangan Airport,NMA,UTKN
Navoiy,Navoiy International Airport,NVI,UTSA
Nukus,Nukus Airport,NCU,UTNN
Samarkand,Samarkand International Airport,SKD,UTSS
Tashkent,Islam Karimov Tashkent International Airport,TAS,UTTT
Termez,Termez Airport,TMJ,UTST
Urgench,Urgench International Airport,UGC,UTNU
Baotou,Baotou Donghe Airport,BAV,ZBOW
Beihai,Beihai Fucheng Airport,BHY,ZGBH
Beijing,Beijing Capital International Airport,PEK,ZBAA
Beijing,Beijing Daxing International Airport,PKX,ZBAD
Changchun,Changchun Longjia International Airport,CGQ,ZYCC
Changsha,Changsha Huanghua International Airport,CSX,ZGHA
Changzhou,Changzhou Benniu International Airport,CZX,ZSCG
Chengdu,Chengdu Shuangliu International Airport,CTU,ZUUU
Chengdu,Chengdu Tianfu International Airport,TFU,ZUTF
Chongqing,Chongqing Jiangbei International Airport,CKG,ZUCK
Dalian,Dalian Zhoushuizi International Airport,DLC,ZYTL
Dandong,Dandong Langtou Airport,DDG,ZYDD
Datong,Datong Yungang Airport,DAT,ZBDT
Dunhuang,Dunhuang Mogao International Airport,DNH,ZLDH
Enshi City,Enshi Xujiaping Airport,ENH,ZHES
Fuzhou,Fuzhou Changle International Airport,FOC,ZSFZ
Ganzhou,Ganzhou Huangjin Airport,KOW,ZSGZ
Guangzhou,Guangzhou Baiyun International Airport,CAN,ZGGG
Guilin,Guilin Liangjiang International Airport,KWL,ZGKL
Guiyang,Guiyang Longdongbao International Airport,KWE,ZUGY
Haikou,Haikou Meilan International Airport,HAK,ZJHK
Hangzhou,Hangzhou Xiaoshan International Airport,HGH,ZSHC
Harbin,Harbin Taiping International Airport,HRB,ZYHB
Hefei,Hefei Xinqiao International Airport,HFE,ZSOF
Heihe,Heihe Aihui Airport,HEK,ZYHE
Hohhot,Hohhot Baita International Airport,HET,ZBHH
Huai'an,Huai'an Lianshui International Airport,HIA,ZSSH
Huangshan City,Huangshan Tunxi International Airport,TXN,ZSTX
Hulunbuir,Hulunbuir Hailar Airport,HLD,ZBLA
Jiamusi,Jiamusi Dongjiao Airport,JMU,ZYJM
Jieyang,Jieyang Chaoshan International Airport,SWA,ZGOW
Jinan,Jinan Yaoqiang International Airport,TNA,ZSJN
Kunming,Kunming Changshui International Airport,KMG,ZPPP
Lanzhou,Lanzhou Zhongchuan International Airport,LHW,ZLLL
Lhasa,Lhasa Gonggar Airport,LXA,ZULS
Lianyungang,Lianyungang Baitabu Airport,LYG,ZSLG
Lijiang,Lijiang Sanyi International Airport,LJG,ZPLJ
Linyi,Linyi Qiyang Airport,LYI,ZSLY
Luoyang,Luoyang Beijiao Airport,LYA,ZHLY
Mangshi,Dehong Mangshi Airport,LUM,ZPLX
Manzhouli,Manzhouli Xijiao Airport,NZH,ZBMZ
Mudanjiang,Mudanjiang Hailang International Airport,MDG,ZYMD
Nanchang,Nanchang Changbei International Airport,KHN,ZSCN
Nanjing,Nanjing Lukou International Airport,NKG,ZSNJ
Nanning,Nanning Wuxu International Airport,NNG,ZGNN
Nantong,Nantong Xingdong International Airport,NTG,ZSNT
Ningbo,Ningbo Lishe International Airport,NGB,ZSNB
Ordos City,Ordos Ejin Horo International Airport,DSN,ZBDS
Qingdao,Qingdao Jiaodong International Airport,TAO,ZSQD
Qinhuangdao,Qinhuangdao Beidaihe Airport,BPE,ZBDH
Qionghai,Qionghai Bo'ao International Airport,BAR,ZJQH
Qiqihar,Qiqihar Sanjiazi Airport,NDG,ZYQQ
Quanzhou,Quanzhou Jinjiang International Airport,JJN,ZSQZ
Sanya,Sanya Phoenix International Airport,SYX,ZJSY
Shanghai,Shanghai Hongqiao International Airport,SHA,ZSSS
Shanghai,Shanghai Pudong International Airport,PVG,ZSPD
Shenyang,Shenyang Taoxian International Airport,SHE,ZYTX
Shenzhen,Shenzhen Bao'an International Airport,SZX,ZGSZ
Shijiazhuang,Shijiazhuang Zhengding International Airport,SJW,ZBSJ
Taiyuan,Taiyuan Wusu International Airport,TYN,ZBYN
Tianjin,Tianjin Binhai International Airport,TSN,ZBTJ
Ulanqab,Ulanqab Jining Airport,UCB,ZBUC
Ürümqi,Ürümqi Diwopu International Airport,URC,ZWWW
Wanzhou,Wanzhou Wuqiao Airport,WXN,ZUWX
Weihai,Weihai Dashuibo Airport,WEH,ZSWH
Wenzhou,Wenzhou Yongqiang Airport,WNZ,ZSWZ
Wuhan,Wuhan Tianhe International Airport,WUH,ZHHH
Wuxi,Sunan Shuofang International Airport,WUX,ZSWX
Wuyishan,Wuyishan Airport,WUS,ZSWY
Xiamen,Xiamen Gaoqi International Airport,XMN,ZSAM
Xi'an,Xi'an Xianyang International Airport,XIY,ZLXY
Xining,Xining Caojiabao International Airport,XNN,ZLXN
Xinzhou,Xinzhou Wutaishan Airport,WUT,ZBXZ
Xishuangbanna,Xishuangbanna Gasa International Airport,JHG,ZPJH
Xuzhou,Xuzhou Guanyin Airport,XUZ,ZSXZ
Yancheng,Yancheng Nanyang Airport,YNZ,ZSYN
Yangzhou,Yangzhou Taizhou International Airport,YTY,ZSYA
Yanji,Yanji Airport,YNJ,ZYYJ
Yantai,Yantai Penglai International Airport,YNT,ZSYT
Yichang,Yichang Sanxia Airport,YIH,ZHYC
Yinchuan,Yinchuan Hedong International Airport,INC,ZLIC
Yiwu,Yiwu Airport,YIW,ZSYW
Yuncheng,Yuncheng Guangong Airport,YCU,ZBYC
Zhangjiajie,Zhangjiajie Hehua Airport,DYG,ZGDY
Zhanjiang,Zhanjiang Wuchuan Airport,ZHA,ZGZJ
Zhengzhou,Zhengzhou Xinzheng International Airport,CGO,ZHCC
Zhuhai,Zhuhai Jinwan Airport,ZUH,ZGSD
Zunyi,Zunyi Xinzhou Airport,ZYI,ZUZY
Chek Lap Kok,Hong Kong International Airport,HKG,VHHH
Akita,Akita Airport,AXT,RJSK
Aomori,Aomori Airport,AOJ,RJSA
Fukuoka,Fukuoka Airport,FUK,RJFF
Hakodate,Hakodate Airport,HKD,RJCH
Hiroshima,Hiroshima Airport,HIJ,RJOA
Kagoshima,Kagoshima Airport,KOJ,RJFK
Kitakyushu,Kitakyushu Airport,KKJ,RJFR
Komatsu,Komatsu Airport,KMQ,RJNK
Nagasaki,Nagasaki Airport,NGS,RJFU
Nagoya,Chubu Centrair International Airport,NGO,RJGG
Naha,Naha Airport,OKA,ROAH
Niigata,Niigata Airport,KIJ,RJSN
Ōita,Oita Airport,OIT,RJFO
Okayama,Okayama Airport,OKJ,RJOB
Osaka,Kansai International Airport,KIX,RJBB
Sapporo,New Chitose Airport,CTS,RJCC
Sendai,Sendai Airport,SDJ,RJSS
Shizuoka,Shizuoka Airport,FSZ,RJNS
Tokyo,Haneda Airport,HND,RJTT
Tokyo,Narita International Airport,NRT,RJAA
Taipa,Macau International Airport,MFM,VMMC
Ulaanbaatar,Chinggis Khaan International Airport,UBN,ZMCK
Pyongyang,Pyongyang International Airport,FNJ,ZKPY
Busan,Gimhae International Airport,PUS,RKPK
Cheongju,Cheongju International Airport,CJJ,RKTU
Daegu,Daegu International Airport,TAE,RKTN
Jeju,Jeju International Airport,CJU,RKPC
Muan,Muan International Airport,MWX,RKJB
Seoul,Gimpo International Airport,GMP,RKSS
Seoul,Incheon International Airport,ICN,RKSI
Yangyang,Yangyang International Airport,YNY,RKNY
Hualien City,Hualien Airport,HUN,RCYU
Kaohsiung,Kaohsiung International Airport,KHH,RCKH
Taichung,Taichung International Airport,RMQ,RCMQ
Tainan,Tainan Airport,TNN,RCNN
Taipei,Taipei Songshan Airport,TSA,RCSS
Taipei,Taoyuan International Airport,TPE,RCTP
Barishal,Barisal Airport,BZL,VGBR
Chittagong,Shah Amanat International Airport,CGP,VGEG
Cox's Bazar,Cox's Bazar International Airport,CXB,VGCB
Dhaka,Hazrat Shahjalal International Airport,DAC,VGHS
Khulna,Khan Jahan Ali Airport,KLN,PALB
Rajshahi,Shah Makhdum Airport,RJH,VGRJ
Rangpur,Saidpur Airport,SPD,VGSD
Sylhet,Osmani International Airport,ZYL,VGSY
Paro,Paro International Airport,PBH,VQPR
Agartala,Maharaja Bir Bikram Airport,IXA,VEAT
Ahmedabad,Sardar Vallabhbhai Patel International Airport,AMD,VAAH
Amritsar,Sri Guru Ram Das Ji International Airport,ATQ,VIAR
Ayodhya,"Maharishi Valmiki International Airport, Ayodhya Dham",AYJ,VEAY
Bengaluru,Kempegowda International Airport,BLR,VOBL
Bhopal,Raja Bhoj Airport,BHO,VABP
Bhubaneswar,Biju Patnaik International Airport,BBI,VEBS
Chennai,Chennai International Airport,MAA,VOMM
Coimbatore,Coimbatore International Airport,CJB,VOCB
Delhi NCR,Indira Gandhi International Airport,DEL,VIDP
Gaya,Gaya Airport,GAY,VEGY
Guwahati,Lokpriya Gopinath Bordoloi International Airport,GAU,VEGT
Hyderabad,Rajiv Gandhi International Airport,HYD,VOHS
Imphal,Imphal Airport,IMF,VEIM
Indore,Devi Ahilya Bai Holkar Airport,IDR,VAID
Jaipur,Jaipur International Airport,JAI,VIJP
Jammu,Jammu Airport,IXJ,VIJU
Kannur,Kannur International Airport,CNN,VOKN
Kochi,Cochin International Airport,COK,VOCI
Kolkata,Netaji Subhas Chandra Bose International Airport,CCU,VECC
Kozhikode,Calicut International Airport,CCJ,VOCL
Lucknow,Chaudhary Charan Singh Airport,LKO,VILK
Madurai,Madurai Airport,IXM,VOMD
Mangaluru,Mangaluru International Airport,IXE,VOML
Mumbai,Chhatrapati Shivaji Maharaj International Airport,BOM,VABB
Nagpur,Dr. Babasaheb Ambedkar International Airport,NAG,VANP
Nashik,Nashik Airport,ISK,VAOZ
Navi Mumbai,Navi Mumbai International Airport,NMI,VANM
Noida (Delhi NCR),Noida International Airport,JWR,
North Goa,Manohar International Airport,GOX,VOGA
Pune,Pune Airport,PNQ,VAPO
Ranchi,Birsa Munda Airport,IXR,VERC
Siliguri,Bagdogra International Airport,IXB,VEBD
South Goa,Dabolim Airport,GOI,VOGO
Srinagar,Srinagar Airport,SXR,VISR
Surat,Surat Airport,STV,VASU
Thiruvananthapuram,Trivandrum International Airport,TRV,VOTV
Tiruchirappalli,Tiruchirappalli International Airport,TRZ,VOTR
Tirupati,Tirupati International Airport,TIR,VOTP
Vadodara,Vadodara Airport,BDQ,VABO
Varanasi,Lal Bahadur Shastri Airport,VNS,VEBN
Vijayawada,Vijayawada International Airport,VGA,VOBZ
Visakhapatnam,Visakhapatnam International Airport,VTZ,VOVZ
Addu City,Gan International Airport,GAN,VRMG
Hanimaadhoo,Hanimaadhoo International Airport,HAQ,VRMH
Malé,Velana International Airport,MLE,VRMM
Maafaru,Maafaru International Airport,NMF,VRDA
Maamigili,Villa International Airport Maamigili,VAM,VRMV
Kathmandu,Tribhuvan International Airport,KTM,VNKT
Pokhara,Pokhara Regional International Airport,PKR,VNPK
Siddharthanagar,Gautam Buddha International Airport,BWA,VNBW
Bahawalpur,Bahawalpur Airport,BHV,OPBW
Faisalabad,Faisalabad International Airport,LYP,OPFA
Gwadar,Gwadar International Airport,GWD,OPGD
Islamabad,Islamabad International Airport,ISB,OPIS
Karachi,Jinnah International Airport,KHI,OPKC
Lahore,Allama Iqbal International Airport,LHE,OPLA
Multan,Multan International Airport,MUX,OPMT
Peshawar,Bacha Khan International Airport,PEW,OPPS
Quetta,Quetta International Airport,UET,OPQT
Rahim Yar Khan,Shaikh Zayed International Airport,RYK,OPRK
Sialkot,Sialkot International Airport,SKT,OPST
Turbat,Turbat International Airport,TUK,OPTU
Batticaloa,Batticaloa International Airport,BTC,VCCB
Colombo,Bandaranaike International Airport,CMB,VCBI
Colombo,Ratmalana Airport,RML,VCCC
Hambantota,Mattala Rajapaksa International Airport,HRI,VCRI
Jaffna,Jaffna International Airport,JAF,VCCJ
Bandar Seri Begawan,Brunei International Airport,BWN,WBSB
Phnom Penh,Phnom Penh International Airport,PNH,VDPP
Siem Reap,Siem Reap International Airport,REP, VDSR
Sihanoukville,Sihanouk International Airport,KOS,VDSV
Balikpapan,Sultan Aji Muhammad Sulaiman Sepinggan International Airport,BPN,WALL
Banda Aceh,Sultan Iskandar Muda International Airport,BTJ,WITT
Bandung,Kertajati International Airport,KJT,WICA
Batam,Hang Nadim International Airport,BTH,WIDD
Denpasar,I Gusti Ngurah Rai International Airport,DPS,WADD
Jakarta,Halim Perdanakusuma International Airport,HLP,WIHH
Jakarta,Soekarno–Hatta International Airport,CGK,WIII
Jayapura,Sentani International Airport,DJJ,WAJJ
Labuan Bajo,Komodo International Airport,LBJ,WATO
Makassar,Sultan Hasanuddin International Airport,UPG,WAAA
Manado,Sam Ratulangi International Airport,MDC,WAMM
Mataram,Lombok International Airport,LOP,WADL
Medan,Kualanamu International Airport,KNO,WIMM
Padang,Minangkabau International Airport,PDG,WIEE
Palembang,Sultan Mahmud Badaruddin II International Airport,PLM,WIPP
Pekanbaru,Sultan Syarif Kasim II International Airport,PKU,WIBB
Pontianak,Supadio International Airport,PNK,WIOO
Semarang,Jenderal Ahmad Yani International Airport,SRG,WARS
Surabaya,Juanda International Airport,SUB,WARR
Tanjungpandan,H.A.S. Hanandjoeddin International Airport,TJQ,WIOD
Yogyakarta,Yogyakarta International Airport,YIA,WAHI
Bokeo (Tonpheung district),Bokeo International Airport,BOR,LYBO
Luang Prabang,Luang Prabang International Airport,LPQ,VLLB
Pakse,Pakse International Airport,PKZ,VLPS
Savannakhet,Savannakhet Airport,ZVK,VLSK
Vientiane,Wattay International Airport,VTE,VLVT
Alor Setar,Sultan Abdul Halim Airport,AOR,WMKA
Ipoh,Sultan Azlan Shah Airport,IPH,WMKI
Johor Bahru,Senai International Airport,JHB,WMKJ
Kota Bharu,Sultan Ismail Petra Airport,KBR,WMKC
Kota Kinabalu,Kota Kinabalu International Airport,BKI,WBKK
Kuala Lumpur,Kuala Lumpur International Airport,KUL,WMKK
Kuala Lumpur,Sultan Abdul Aziz Shah Airport,SZB,WMSA
Kuala Terengganu,Sultan Mahmud Airport,TGG,WMKN
Kuantan,Sultan Haji Ahmad Shah Airport,KUA,WMKD
Kuching,Kuching International Airport,KCH,WBGG
Labuan,Labuan International Airport,LBU,WBKL
Langkawi,Langkawi International Airport,LGK,WMKL
Penang,Penang International Airport,PEN,WMKP
Mandalay,Mandalay International Airport,MDL,VYMD
Nay Pyi Taw,Naypyidaw International Airport,NYT,VYEL
Yangon,Yangon International Airport,RGN,VYYY
Daraga,Bicol International Airport,DRP,RPLK
Cagayan,Cagayan North International Airport,LLC,
Lapu-Lapu City,Mactan–Cebu International Airport,CEB,RPVM
Angeles City,Clark International Airport,CRK,RPLC
Davao City,Francisco Bangoy International Airport,DVO,RPMD
General Santos,General Santos International Airport,GES,RPMR
Iloilo City,Iloilo International Airport,ILO,RPVI
Kalibo,Kalibo International Airport,KLO,RPVK
Laoag,Laoag International Airport,LAO,RPLI
Manila,Ninoy Aquino International Airport,MNL,RPLL
Panglao Island,Bohol–Panglao International Airport,TAG,RPSP
Puerto Princesa,Puerto Princesa International Airport,PPS,RPVP
Olongapo,Subic Bay International Airport,SFS,RPLB
Zamboanga City,Zamboanga International Airport,ZAM,RPMZ
Singapore,Changi Airport,SIN,WSSS
Singapore,Seletar Airport,XSP,WSSL
Bangkok,Suvarnabhumi Airport,BKK,VTBS
Bangkok,Don Mueang International Airport,DMK,VTBD
Chiang Mai,Chiang Mai International Airport,CNX,VTCC
Chiang Rai,Chiang Rai International Airport,CEI,VTCT
Hat Yai,Hat Yai International Airport,HDY,VTSS
Ko Samui,Samui Airport,USM,VTSM
Krabi,Krabi International Airport,KBV,VTSG
Phuket,Phuket International Airport,HKT,VTSP
Rayong/Pattaya,U-Tapao International Airport,UTP,VTBU
Surat Thani,Surat Thani International Airport,URT,VTSB
Udon Thani,Udon Thani International Airport,UTH,VTUD
Dili,Presidente Nicolau Lobato International Airport,DIL,WPDL
Đà Nẵng,Da Nang International Airport,DAD,VVDN
Hà Nội,Noi Bai International Airport,HAN,VVNB
Hồ Chí Minh City,Tan Son Nhat International Airport,SGN,VVTS
Cần Thơ,Can Tho International Airport,VCA,VVCT
Hải Phòng,Cat Bi International Airport,HPH,VVCI
Huế,Phu Bai International Airport,HUI,VVPB
Phú Quốc,Phu Quoc International Airport,PQC,VVPQ
Nha Trang,Cam Ranh International Airport,CXR,VVCR
Quảng Nam,Chu Lai Airport,VCL,VVCA
Vân Đồn,Van Don International Airport,VDO,VVVD
Kabul,Kabul International Airport,KBL,OAKB
Herat,Herat International Airport,HEA,OAHR
Kandahar,Kandahar International Airport,KDH,OAKN
Mazar-i-Sharif,Mazar-i-Sharif International Airport,MZR,OAMS
Gyumri,Gyumri Shirak International Airport,LWN,UDSG
Kapan,Syunik Airport,YUK,UDCK
Yerevan,Zvartnots International Airport,EVN,UDYZ
Baku,Heydar Aliyev International Airport,GYD,UBBB
Fuzuli,Fuzuli International Airport,FZL,UBBF
Ganja,Ganja International Airport,KVD,UBBG
Lachin,Lachin International Airport,LHL,
Lankaran,Lankaran International Airport,LLK,UBBL
Nakhchivan,Nakhchivan Airport,NAJ,UBBN
Qabala,Qabala International Airport,GBB,UBBQ
Zangilan,Zangilan International Airport,ZZE,UBBZ
Zaqatala,Zaqatala International Airport,ZTU,UBBY
Manama,Bahrain International Airport,BAH,OBBI
Larnaca,Larnaca International Airport,LCA,LCLK
North Nicosia,Ercan International Airport,ECN,LCEN
Paphos,Paphos International Airport,PFO,LCPH
Batumi,Batumi International Airport,BUS,UGSB
Kutaisi,Kutaisi International Airport,KUT,UGKO
Sokhumi,Sukhumi Babushara Airport,SUI,UGSS
Tbilisi,Tbilisi International Airport,TBS,UGTB
Abadan,Abadan International Airport,ABD,OIAA
Ahvaz,Ahvaz International Airport,AWZ,OIAW
Arak,Arak International Airport,AJK,OIHR
Ardabil,Ardabil Airport,ADU,OITL
Asaluyeh,Persian Gulf Airport,PGU,OIBP
Bandar Abbas,Bandar Abbas International Airport,BND,OIKB
Birjand,Birjand International Airport,XBJ,OIMB
Bushehr,Bushehr Airport,BUZ,OIBB
Gorgan,Gorgan International Airport,GBT,OING
Hamadan,Hamadan International Airport,HDM,OIHH
Ilam,Ilam Airport,IIL,OICI
Isfahan,Isfahan International Airport,IFN,OIFM
Kerman,Ayatollah Hashemi Rafsanjani Airport,KER,OIKK
Kermanshah,Shahid Ashrafi Esfahani Airport,KSH,OICC
Kish Island,Kish Airport,KIH,OIBK
Konarak,Chabahar Konarak Airport,ZBR,OIZC
Lamerd,Lamerd Airport,LFM,OISR
Lar,Larestan International Airport,LRR,OISL
Mashhad,Mashhad International Airport,MHD,OIMM
Qeshm Island,Qeshm International Airport,GSM,OIKQ
Rasht,Rasht Airport,RAS,OIGG
Sari,Dasht-e Naz Airport,SRY,OINZ
Shiraz,Shiraz International Airport,SYZ,OISS
Tabriz,Tabriz International Airport,TBZ,OITT
Tehran,Imam Khomeini International Airport,IKA,OIIE
Tehran,Mehrabad International Airport,THR,OIII
Urmia,Urmia Airport,OMH,OITR
Yazd,Shahid Sadooghi Airport,AZD,OIYY
Zahedan,Zahedan Airport,ZAH,OIZH
Al Najaf,Al Najaf International Airport,NJF,ORNI
Baghdad,Baghdad International Airport,BGW,ORBI
Basra,Basra International Airport,BSR,ORMM
Erbil,Erbil International Airport,EBL,ORER
Mosul,Mosul International Airport,OSM,ORBM
Nasiriyah,Nasiriyah Airport,XNH,ORTL
Sulaymaniyah,Sulaimaniyah International Airport,ISU,ORSU
Eilat,Ramon Airport,ETM,LLER
Haifa,Haifa Airport,HFA,LLHA
Tel Aviv,Ben Gurion Airport,TLV,LLBG
Aqaba,King Hussein International Airport,AQJ,OJAQ
Amman,Queen Alia International Airport,AMM,OJAI
Kuwait City,Kuwait International Airport,KWI,OKKK
Beirut,Beirut–Rafic Hariri International Airport,BEY,OLBA
Muscat,Muscat International Airport,MCT,OOMS
Salalah,Salalah International Airport,SLL,OOSA
Sohar,Sohar International Airport,OHS,OOSH
Doha,Hamad International Airport,DOH,OTHH
Abha,Abha International Airport,AHB,OEAB
Al-Ahsa,Al-Ahsa International Airport,HOF,OEAH
Al-Jawf,Al Jawf International Airport,AJF,OESK
Al-Ula,Al-Ula International Airport,ULH,OEAO
Buraydah,Prince Naif bin Abdulaziz International Airport,ELQ,OEGS
Dammam,King Fahd International Airport,DMM,OEDF
Hafar al-Batin,Al Qaisumah International Airport,AQI,OEPA
Ha'il,Ha'il International Airport,HAS,OEHL
Hanak,Red Sea International Airport,RSI,OERS
Jeddah,King Abdulaziz International Airport,JED,OEJN
Jizan,King Abdullah bin Abdulaziz International Airport,GIZ,OEGN
Medina,Prince Mohammad bin Abdulaziz International Airport,MED,OEMA
Najran,Najran Domestic Airport,EAM,OENG
Neom,Neom Bay Airport,NUM,OENN
Riyadh,King Khalid International Airport,RUH,OERK
Tabuk,Prince Sultan bin Abdulaziz Airport,TUU,OETB
Ta'if,Taif International Airport,TIF,OETF
Yanbu,Yanbu Airport,YNB,OEYN
Aleppo,Aleppo International Airport,ALP,OSAP
Damascus,Damascus International Airport,DAM,OSDI
Latakia,Bassel Al-Assad International Airport,LTK,OSLK
Qamishli,Qamishli Airport,KAC,OSKL
Adana,Şakirpaşa Airport,ADA,LTAF
Alanya,Gazipaşa Airport,GZP,LTFG
Ankara,Esenboğa International Airport,ESB,LTAC
Antalya,Antalya Airport,AYT,LTAI
Bodrum,Milas–Bodrum Airport,BJV,LTFE
Bursa,Yenişehir Airport,YEI,LTBR
Dalaman,Dalaman Airport,DLM,LTBS
Denizli,Denizli Çardak Airport,DNZ,LTAY
Diyarbakır,Diyarbakır Airport,DIY,LTCC
Elazığ,Elazığ Airport,EZS,LTCA
Gaziantep,Oğuzeli Airport,GZT,LTAJ
Istanbul,Istanbul Airport,IST,LTFM
Istanbul,Sabiha Gökçen International Airport,SAW,LTFJ
İzmir,Adnan Menderes Airport,ADB,LTBJ
Kayseri,Erkilet Airport,ASR,LTAU
Konya,Konya Airport,KYA,LTAN
Kütahya,Zafer Airport,KZR,LTBZ
Malatya,Erhaç Airport,MLX,LTAT
Nevşehir,Kapadokya Airport,NAV,LTAZ
Samsun,Samsun-Çarşamba Airport,SZF,LTFH
Trabzon,Trabzon Airport,TZX,LTCG
Zonguldak,Zonguldak Airport,ONQ,LTAS
Abu Dhabi,Abu Dhabi International Airport,AUH,OMAA
Al Ain,Al Ain International Airport,AAN,OMAL
Dubai,Al Maktoum International Airport,DWC,OMDW
Dubai,Dubai International Airport,DXB,OMDB
Ras Al Khaimah,Ras Al Khaimah International Airport,RKT,OMRK
Sharjah,Sharjah International Airport,SHJ,OMSJ
Aden,Aden International Airport,ADE,OYAA
Mukalla,Riyan International Airport,RIY,OYRN
Sanaa,Sanaa International Airport,SAH,OYSN
Seiyun,Seiyun Airport,GXF,OYSY
Socotra,Socotra Airport,SCT,OYSQ
Birmingham,Birmingham Airport,BHX,EGBB
Bournemouth,Bournemouth Airport,BOH,EGHH
Bristol,Bristol Airport,BRS,EGGD
Exeter,Exeter Airport,EXT,EGTE
Hull,Humberside Airport,HUY,EGNJ
Leeds/Bradford,Leeds Bradford Airport,LBA,EGNM
Liverpool,Liverpool John Lennon Airport,LPL,EGGP
London,London City Airport,LCY,EGLC
London,Gatwick Airport,LGW,EGKK
London,Heathrow Airport,LHR,EGLL
London,Luton Airport,LTN,EGGW
London,London Southend Airport,SEN,EGMC
London,London Stansted Airport,STN,EGSS
Manchester,Manchester Airport,MAN,EGCC
Middlesbrough,Teesside International Airport,MME,EGNV
Newcastle upon Tyne,Newcastle International Airport,NCL,EGNT
Newquay,Newquay Airport,NQY,EGHQ
Norwich,Norwich Airport,NWI,EGSH
Nottingham,East Midlands Airport,EMA,EGNX
Southampton,Southampton Airport,SOU,EGHI
Belfast,Belfast International Airport,BFS,EGAA
Belfast,George Best Belfast City Airport,BHD,EGAC
Derry,City of Derry Airport,LDY,EGAE
Aberdeen,Aberdeen Airport,ABZ,EGPD
Edinburgh,Edinburgh Airport,EDI,EGPH
Glasgow,Glasgow Airport,GLA,EGPF
Glasgow,Glasgow Prestwick Airport,PIK,EGPK
Inverness,Inverness Airport,INV,EGPE
Cardiff,Cardiff Airport,CWL,EGFF
Antwerp,Antwerp International Airport,ANR,EBAW
Brussels,Brussels Airport,BRU,EBBR
Charleroi,Brussels South Charleroi Airport,CRL,EBCI
Liège,Liège Airport,LGG,EBLG
Ostend/Bruges,Ostend–Bruges International Airport,OST,EBOS
Ajaccio,Ajaccio Napoleon Bonaparte Airport,AJA,LFKJ
Bastia,Poretta Airport,BIA,LFKB
Beauvais,Beauvais–Tillé Airport,BVA,LFOB
Bergerac,Bergerac Dordogne Périgord Airport,EGC,LFBE
Béziers,Béziers Cap d'Agde Airport,BZR,LFMU
Biarritz,Biarritz Pays Basque Airport,BIQ,LFBZ
Bordeaux,Bordeaux–Mérignac Airport,BOD,LFBD
Brest,Brest Bretagne Airport,BES,LFRB
Carcassonne,Carcassonne Airport,CCF,LFMK
Châlons-en-Champagne,Châlons Vatry Airport,XCR,LFOK
Chambéry,Chambéry Airport,CMF,LFLB
Dinard,Dinard–Pleurtuit–Saint-Malo Airport,DNR,LFRD
Figari,Figari–Sud Corse Airport,FSC,LFKF
Grenoble,Alpes–Isère Airport,GNB,LFLS
La Rochelle,La Rochelle – Île de Ré Airport,LRH,LFBH
Lille,Lille Airport,LIL,LFQQ
Limoges,Limoges – Bellegarde Airport,LIG,LFBL
Lyon,Lyon–Saint-Exupéry Airport,LYS,LFLL
Marseille,Marseille Provence Airport,MRS,LFML
Mulhouse,EuroAirport Basel Mulhouse Freiburg,BSL,LFSB
Nantes,Nantes Atlantique Airport,NTE,LFRS
Nice,Nice Côte d'Azur Airport,NCE,LFMN
Nîmes,Nîmes–Alès–Camargue–Cévennes Airport,FNI,LFTW
Paris,Charles de Gaulle Airport,CDG,LFPG
Paris,Orly Airport,ORY,LFPO
Pau,Pau Pyrénées Airport,PUF,LFBP
Perpignan,Perpignan–Rivesaltes Airport,PGF,LFMP
Poitiers,Poitiers–Biard Airport,PIS,LFBI
Rodez,Rodez–Aveyron Airport,RDZ,LFCR
Saint-Étienne,Saint-Étienne–Bouthéon Airport,EBU,LFMH
Strasbourg,Strasbourg Airport,SXB,LFST
Toulon,Toulon–Hyères Airport,TLN,LFTH
Toulouse,Toulouse–Blagnac Airport,TLS,LFBO
Tours,Tours Val de Loire Airport,TUF,LFOT
Gibraltar,Gibraltar International Airport,GIB,LXGB
Alderney,Alderney Airport,ACI,EGJA
Saint Peter Port,Guernsey Airport,GCI,EGJB
Cork,Cork Airport,ORK,EICK
Dublin,Dublin Airport,DUB,EIDW
Kerry,Kerry Airport,KIR,EIKY
Knock,Ireland West Airport,NOC,EIKN
Shannon,Shannon Airport,SNN,EINN
Douglas,Isle of Man Airport,IOM,EGNS
Saint Helier,Jersey Airport,JER,EGJJ
Luxembourg City,Luxembourg Airport,LUX,ELLX
Amsterdam,Amsterdam Airport,AMS,EHAM
Eindhoven,Eindhoven Airport,EIN,EHEH
Groningen,Groningen Airport Eelde,GRQ,EHGG
Maastricht,Maastricht Aachen Airport,MST,EHBK
Rotterdam,Rotterdam The Hague Airport,RTM,EHRD
Graz,Graz Airport,GRZ,LOWG
Klagenfurt,Klagenfurt Airport,KLU,LOWK
Innsbruck,Innsbruck Airport,INN,LOWI
Linz,Linz Airport,LNZ,LOWL
Salzburg,Salzburg Airport,SZG,LOWS
Vienna,Vienna International Airport,VIE,LOWW
Brno,Brno–Tuřany Airport,BRQ,LKTB
České Budějovice,České Budějovice Airport,JCL,LKCS
Karlovy Vary,Karlovy Vary Airport,KLV,LKKV
Ostrava,Leoš Janáček Airport,OSR,LKMT
Pardubice,Pardubice Airport,PED,LKPD
Prague,Václav Havel Airport,PRG,LKPR
Baden-Baden/Karlsruhe,Karlsruhe/Baden-Baden Airport,FKB,EDSB
Berlin,Berlin Brandenburg Airport,BER,EDDB
Bremen,Bremen Airport,BRE,EDDW
Cologne/Bonn,Cologne/Bonn Airport,CGN,EDDK
Dortmund,Dortmund Airport,DTM,EDLW
Düsseldorf,Düsseldorf Airport,DUS,EDDL
Frankfurt,Frankfurt Airport,FRA,EDDF
Frankfurt,Frankfurt-Hahn Airport,HHN,EDFH
Freiburg im Breisgau,EuroAirport Basel–Mulhouse–Freiburg,MLH/BSL/EAP,
Friedrichshafen,Friedrichshafen Airport,FDH,EDNY
Hamburg,Hamburg Airport,HAM,EDDH
Hanover,Hannover Airport,HAJ,EDDV
Leipzig,Leipzig/Halle Airport,LEJ,EDDP
Lübeck,Lübeck Airport,LBC,EDHL
Memmingen,Memmingen Airport,FMM,EDJA
Munich,Munich Airport,MUC,EDDM
Nuremberg,Nuremberg Airport,NUE,EDDN
Stuttgart,Stuttgart Airport,STR,EDDS
Weeze,Weeze Airport,NRN,EDLV
Budapest,Budapest Ferenc Liszt International Airport,BUD,LHBP
Debrecen,Debrecen International Airport,DEB,LHDC
Győr,Győr-Pér International Airport,QGY,LHPR
Hévíz,Hévíz-Balaton Airport,SOB,LHSM
Pécs,Pécs-Pogány International Airport,QPJ,LHPP
Bydgoszcz,Bydgoszcz Ignacy Jan Paderewski Airport,BZG,EPBY
Gdańsk,Gdańsk Lech Wałęsa Airport,GDN,EPGD
Katowice,Katowice Airport,KTW,EPKT
Kraków,Kraków John Paul II International Airport,KRK,EPKK
Lublin,Lublin Airport,LUZ,EPLB
Łódź,Łódź Władysław Reymont Airport,LCJ,EPLL
Olsztyn,Olsztyn-Mazury Airport,SZY,EPSY
Poznań,Poznań–Ławica Airport,POZ,EPPO
Rzeszów,Rzeszów–Jasionka Airport,RZE,EPRZ
Szczecin,Solidarity Szczecin–Goleniów Airport,SZZ,EPSC
Warsaw,Warsaw Chopin Airport,WAW,EPWA
Warsaw,Warsaw Modlin Airport,WMI,EPMO
Warsaw,Warsaw Radom Airport,RDO,EPRA
Wrocław,Wrocław Airport,WRO,EPWR
Bratislava,Bratislava Airport,BTS,LZIB
Košice,Košice International Airport,KSC,LZKZ
Piešťany,Piešťany Airport,PZY,LZPP
Poprad,Poprad-Tatry Airport,TAT,LZTT
Žilina,Žilina Airport,ILZ,LZZI
Basel,EuroAirport Basel Mulhouse Freiburg,BSL,LFSB
Bern,Bern Airport,BRN,LSZB
Geneva,Geneva Airport,GVA,LSGG
Lugano,Lugano Airport,LUG,LSZA
St. Gallen,St. Gallen–Altenrhein Airport,ACH,LSZR
Zürich,Zurich Airport,ZRH,LSZH
Brač,Brač Airport,BWK,LDSB
Dubrovnik,Dubrovnik Airport,DBV,LDDU
Mali Lošinj,Lošinj Airport,LSZ,LDLO
Osijek,Osijek Airport,OSI,LDOS
Pula,Pula Airport,PUY,LDPL
Rijeka,Rijeka Airport,RJK,LDRI
Split,Split Airport,SPU,LDSP
Zadar,Zadar Airport,ZAD,LDZD
Zagreb,Zagreb Airport,ZAG,LDZA
Athens,Athens International Airport,ATH,LGAV
Cephalonia,Kefalonia Island International Airport,EFL,LGKF
Chania,Chania International Airport,CHQ,LGSA
Chios,Chios Island National Airport,JKH,LGHI
Corfu,Corfu International Airport,CFU,LGKR
Heraklion,Heraklion International Airport,HER,LGIR
Kalamata,Kalamata International Airport,KLX,LGKL
Karpathos,Karpathos Island National Airport,AOK,LGKP
Kavala,Kavala International Airport,KVA,LGKV
Kos,Kos International Airport,KGS,LGKO
Mykonos,Mykonos Airport,JMK,LGMK
Mytilene,Mytilene International Airport,MJT,LGMT
Preveza,Aktion National Airport,PVK,LGPZ
Rhodes,Rhodes International Airport,RHO,LGRP
Samos,Samos International Airport,SMI,LGSM
Santorini,Santorini (Thira) International Airport,JTR,LGSR
Skiathos,Skiathos International Airport,JSI,LGSK
Skyros,Skyros Island National Airport,SKU,LGSY
Thessaloniki,Thessaloniki Airport,SKG,LGTS
Volos,Nea Anchialos National Airport,VOL,LGBL
Zakynthos,Zakynthos International Airport,ZTH,LGZA
Alghero,Fertilia Airport,AHO,LIEA
Ancona,Ancona Airport,AOI,LIPY
Bari,Palese Airport,BRI,LIBD
Bergamo,Orio al Serio Airport,BGY,LIME
Bologna,Bologna Airport,BLQ,LIPE
Brescia,Brescia Airport,VBS,LIPO
Brindisi,Brindisi Airport,BDS,LIBR
Cagliari,Cagliari Airport,CAG,LIEE
Catania,Fontanarossa Airport,CTA,LICC
Cuneo,Cuneo Levaldigi Airport,CUF,LIMZ
Florence,Peretola Airport,FLR,LIRQ
Genoa,Cristoforo Colombo Airport,GOA,LIMJ
Lamezia,Lamezia Terme Airport,SUF,LICA
Milan,Linate Airport,LIN,LIML
Milan,Milan Malpensa Airport,MXP,LIMC
Naples,Naples International Airport,NAP,LIRN
Olbia,Costa Smeralda Airport,OLB,LIEO
Palermo,Palermo Airport,PMO,LICJ
Parma,Giuseppe Verdi Airport,PMF,LIMP
Perugia,San Egidio Airport,PEG,LIRZ
Pescara,Abruzzo Airport,PSR,LIBP
Pisa,Galileo Galilei Airport,PSA,LIRP
Rimini,Federico Fellini Airport,RMI,LIPR
Rome,Leonardo da Vinci–Fiumicino Airport,FCO,LIRF
Rome,Rome Ciampino Airport,CIA,LIRA
Salerno,Salerno Costa d'Amalfi Airport,QSR,LIRI
Trapani,Vincenzo Florio Airport,TPS,LICT
Trieste,Friuli Venezia Giulia Airport,TRS,LIPQ
Turin,Caselle Airport,TRN,LIMF
Venice,Venice Marco Polo Airport,VCE,LIPZ
Verona,Verona Villafranca Airport,VRN,LIPX
Ħal Luqa,Malta International Airport,MLA,LMML
Beja,Beja Airport,BYJ,LPBJ
Faro,Faro Airport,FAO,LPFR
Funchal,Madeira Airport,FNC,LPMA
Lisbon,Lisbon Airport,LIS,LPPT
Ponta Delgada,João Paulo II Airport,PDL,LPPD
Porto Santo Island,Porto Santo Airport,PXO,LPPS
Terceira Island,Lajes Airport,TER,LPLA
Ljubljana,Ljubljana Jože Pučnik Airport,LJU,LJLJ
Maribor,Maribor Edvard Rusjan Airport,MBX,LJMB
Portorož,Portorož Airport,POW,LJPZ
A Coruña,A Coruña Airport,LCG,LECO
Alicante,Alicante–Elche Miguel Hernández Airport,ALC,LEAL
Almería,Almería Airport,LEI,LEAM
Asturias,Asturias Airport,OVD,LEAS
Barcelona,Josep Tarradellas Barcelona–El Prat Airport,BCN,LEBL
Bilbao,Bilbao Airport,BIO,LEBB
Castellón de la Plana,Castellón–Costa Azahar Airport,CDT,LECH
Fuerteventura,Fuerteventura Airport,FUE,GCFV
Girona,Girona-Costa Brava Airport,GRO,LEGE
Gran Canaria,Gran Canaria Airport,LPA,GCLP
Granada,Federico García Lorca Granada Airport,GRX,LEGR
Huesca,Huesca-Pirineos Airport,HSK,LEHC
Ibiza,Ibiza Airport,IBZ,LEIB
Jerez de la Frontera,Jerez Airport,XRY,LEJR
La Palma,La Palma Airport,SPC,GCLA
Lanzarote,Lanzarote Airport,ACE,GCRR
Lleida,Alguaire Airport,ILD,LEDA
Madrid,Madrid-Barajas Airport,MAD,LEMD
Málaga,Málaga Airport,AGP,LEMG
Menorca,Menorca Airport,MAH,LEMH
Murcia,Región de Murcia International Airport,RMU,LEMI
Palma de Mallorca,Palma de Mallorca Airport,PMI,LEPA
Pamplona,Pamplona Airport,PNA,LEPP
Reus,Reus Airport,REU,LERS
Santander,Santander Airport,SDR,LEXJ
Santiago de Compostela,Santiago de Compostela Airport,SCQ,LEST
Seville,Seville Airport,SVQ,LEZL
Tenerife,Tenerife North–Ciudad de La Laguna Airport,TFN,GCXO
Tenerife,Tenerife South Airport,TFS,GCTS
Valencia,Valencia Airport,VLC,LEVC
Valladolid,Valladolid Airport,VLL,LEVD
Vigo,Vigo–Peinador Airport,VGO,LEVX
Vitoria-Gasteiz,Vitoria Airport,VIT,LEVT
Zaragoza,Zaragoza Airport,ZAZ,LEZG
Kukes,Kukës International Airport Zayed,KFZ,LAKU
Tirana,Tirana International Airport Nënë Tereza,TIA,LATI
Grodno,Hrodna Airport,GNA,UMMG
Gomel,Gomel Airport,GME,UMGG
Minsk,Minsk International Airport,MSQ,UMMS
Banja Luka,Banja Luka International Airport,BNX,LQBK
Mostar,Mostar International Airport,OMO,LQMO
Sarajevo,Sarajevo International Airport,SJJ,LQSA
Tuzla,Tuzla International Airport,TZL,LQTZ
Burgas,Burgas Airport,BOJ,LBBG
Plovdiv,Plovdiv Airport,PDV,LBPD
Sofia,Sofia Airport,SOF,LBSF
Varna,Varna Airport,VAR,LBWN
Pristina,Pristina International Airport,PRN,BKPR
Chişinău,Chișinău International Airport,RMO,LUKK
Arad,Arad International Airport,ARW,LRAR
Bacau,George Enescu International Airport,BCM,LRBC
Baia Mare,Maramureș Airport,BAY,LRBM
Brașov,Brașov-Ghimbav International Airport,GHV,LRBV
Bucharest,Henri Coandă International Airport,OTP,LROP
Bucharest,Aurel Vlaicu International Airport,BBU,LRBS
Cluj-Napoca,Cluj-Napoca International Airport,CLJ,LRCL
Constanța,Mihail Kogălniceanu International Airport,CND,LRCK
Craiova,Craiova International Airport,CRA,LRCV
Iași,Iași International Airport,IAS,LRIA
Oradea,Oradea International Airport,OMR,LROD
Satu Mare,Satu Mare International Airport,SUJ,LRSM
Sibiu,Sibiu International Airport,SBZ,LRSB
Suceava,Suceava International Airport,SCV,LRSV
Târgu Mureș,Târgu Mureș International Airport,TGM,LRTM
Timișoara,Timișoara Traian Vuia International Airport,TSR,LRTR
Podgorica,Podgorica Airport,TGD,LYPG
Tivat,Tivat Airport,TIV,LYTV
Ohrid,Ohrid St. Paul the Apostle Airport,OHD,LWOH
Skopje,Skopje International Airport,SKP,LWSK
Abakan,Abakan International Airport,ABA,UNAA
Anadyr,Ugolny Airport,DYR,UHMA
Anapa,Anapa Airport,AAQ,URKA
Arkhangelsk,Talagi Airport,ARH,ULAA
Astrakhan,Narimanovo Airport,ASF,URWA
Barnaul,Barnaul Airport,BAX,UNBB
Belgorod,Belgorod International Airport,EGO,UUOB
Blagoveshchensk,Ignatyevo Airport,BQS,UHBB
Bratsk,Bratsk Airport,BTK,UIBB
Bryansk,Bryansk International Airport,BZK,UUBP
Cheboksary,Cheboksary International Airport,CSY,UWKS
Chelyabinsk,Chelyabinsk Airport,CEK,USCC
Cherepovets,Cherepovets Airport,CEE,ULWC
Chita,Chita-Kadala International Airport,HTA,UIAA
Elista,Elista Airport,ESL,URWI
Grozny,Grozny Airport,GRV,URMG
Irkutsk,Irkutsk Airport,IKT,UIII
Kaliningrad,Khrabrovo Airport,KGD,UMKK
Kazan,Kazan Airport,KZN,UWKD
Khabarovsk,Khabarovsk Novy Airport,KHV,UHHH
Komsomolsk-on-Amur,Komsomolsk-on-Amur Airport,KXK,UHKK
Krasnodar,Pashkovsky Airport,KRR,URKK
Krasnoyarsk,Yemelyanovo International Airport,KJA,UNKL
Kursk,Kursk Vostochny Airport,URS,UUOK
Magadan,Sokol Airport,GDX,UHMM
Magnitogorsk,Magnitogorsk International Airport,MQF,USCM
Makhachkala,Uytash Airport,MCX,URML
Mineralnye Vody,Mineralnye Vody Airport,MRV,URMM
Moscow,Domodedovo International Airport,DME,UUDD
Moscow,Zhukovsky International Airport,ZIA,UUBW
Moscow,Sheremetyevo International Airport,SVO,UUEE
Moscow,Vnukovo Airport,VKO,UUWW
Murmansk,Murmansk Airport,MMK,ULMM
Nalchik,Nalchik Airport,NAL,URMN
Nizhnekamsk,Begishevo Airport,NBC,UWKE
Nizhnevartovsk,Nizhnevartovsk Airport,NJC,USNN
Nizhny Novgorod,Strigino Airport,GOJ,UWGG
Novokuznetsk,Spichenkovo Airport,NOZ,UNWW
Novosibirsk,Tolmachevo Airport,OVB,UNNT
Omsk,Omsk Tsentralny Airport,OMS,UNOO
Orenburg,Orenburg Tsentralny Airport,REN,UWOO
Orsk,Orsk Airport,OSW,UWOR
Perm,Perm International Airport,PEE,USPP
Petrozavodsk,Petrozavodsk Airport,PES,ULPB
Provideniya,Provideniya Bay Airport,PVS,UHMD
Petropavlovsk-Kamchatsky,Yelizovo Airport,PKC,UHPP
Pskov,Pskov Airport,PKV,ULOO
Rostov-on-Don,Platov International Airport,ROV,URRP
Saint Petersburg,Pulkovo Airport,LED,ULLI
Samara,Samara Kurumoch Airport,KUF,UWWW
Saratov,Saratov Gagarin Airport,GSV,UWSG
Sochi,Sochi International Airport,AER,URSS
Stavropol,Stavropol Shpakovskoye Airport,STW,URMT
Surgut,Surgut International Airport,SGC,USRR
Syktyvkar,Syktyvkar Airport,SCW,UUYY
Tomsk,Bogashevo Airport,TOF,UNTT
Tyumen,Roshchino International Airport,TJM,USTR
Ulan-Ude,Baikal International Airport,UUD,UIUU
Ulyanovsk,Ulyanovsk Baratayevka Airport,ULV,UWLL
Ufa,Ufa International Airport,UFA,UWUU
Vladivostok,Vladivostok International Airport,VVO,UHWW
Vladikavkaz,Beslan Airport,OGZ,URMO
Volgograd,Volgograd International Airport,VOG,URWW
Voronezh,Voronezh International Airport,VOZ,UUOO
Yakutsk,Yakutsk Airport,YKS,UEEE
Yaroslavl,Tunoshna Airport,IAR,UUDL
Yekaterinburg,Koltsovo International Airport,SVX,USSS
Yuzhno-Sakhalinsk,Yuzhno-Sakhalinsk Airport,UUS,UHSS
Belgrade,Belgrade Nikola Tesla Airport,BEG,LYBE
Kraljevo,Morava Airport,KVO,LYKV
Niš,Niš Constantine the Great Airport,INI,LYNI
Chernivtsi,Chernivtsi International Airport,CWC,UKLN
Ivano-Frankivsk,Ivano-Frankivsk International Airport,IFO,UKLI
Kharkiv,Kharkiv International Airport,HRK,UKHH
Kryvyi Rih,Kryvyi Rih International Airport,KWG,UKDR
Kyiv,Boryspil International Airport,KBP,UKBB
Kyiv,Kyiv International Airport,IEV,UKKK
Lviv,Lviv Danylo Halytskyi International Airport,LWO,UKLL
Mykolaiv,Mykolaiv International Airport,NLV,UKON
Odesa,Odesa International Airport,ODS,UKOO
Poltava,Poltava Airport,PLV,UKHP
Simferopol,Simferopol International Airport,SIP,UKFF
Uzhhorod,Uzhhorod International Airport,UDJ,UKLU
Zaporizhzhia,Zaporizhzhia International Airport,OZH,UKDE
Aalborg,Aalborg Airport,AAL,EKYT
Aarhus,Aarhus Airport,AAR,EKAH
Billund,Billund Airport,BLL,EKBI
Copenhagen,Copenhagen Airport,CPH,EKCH
Pärnu,Pärnu Airport,EPU,EEPU
Tallinn,Lennart Meri Tallinn Airport,TLL,EETN
Tartu,Tartu Airport,TAY,EETU
Vágar,Vágar Airport,FAE,EKVG
Åland,Mariehamn Airport,MHQ,EFMA
Helsinki,Helsinki-Vantaa Airport,HEL,EFHK
Kittilä,Kittilä Airport,KTT,EFKT
Kuopio,Kuopio Airport,KUO,EFKU
Kuusamo,Kuusamo Airport,KAO,EFKS
Lappeenranta,Lappeenranta Airport,LPP,EFLP
Oulu,Oulu Airport,OUL,EFOU
Rovaniemi,Rovaniemi Airport,RVN,EFRO
Savonlinna,Savonlinna Airport,SVL,EFSA
Tampere,Tampere–Pirkkala Airport,TMP,EFTP
Turku,Turku Airport,TKU,EFTU
Vaasa,Vaasa Airport,VAA,EFVA
Akureyri,Akureyri Airport,AEY,BIAR
Egilsstaðir,Egilsstaðir Airport,EGS,BIEG
Reykjavík,Keflavik International Airport,KEF,BIKF
Reykjavík,Reykjavík Airport,RKV,BIRK
Riga,Riga International Airport,RIX,EVRA
Ventspils,Ventspils International Airport,VNT,EVVA
Kaunas,Kaunas Airport,KUN,EYKA
Palanga,Palanga International Airport,PLQ,EYPA
Šiauliai,Šiauliai International Airport,SQQ,EYSA
Vilnius,Vilnius Airport,VNO,EYVI
Ålesund,Ålesund Airport,AES,ENAL
Bergen,Bergen Airport,BGO,ENBR
Bodø,Bodø Airport,BOO,ENBO
Haugesund,Haugesund Airport,HAU,ENHD
Kristiansand,"Kristiansand Airport, Kjevik",KRS,ENCN
Kristiansund,"Kristiansund Airport, Kvernberget",KSU,ENKB
Oslo,"Oslo Airport, Gardermoen",OSL,ENGM
Oslo,"Sandefjord Airport, Torp",TRF,ENTO
Stavanger,Stavanger Airport,SVG,ENZV
Tromsø,Tromsø Airport,TOS,ENTC
Trondheim,Trondheim Airport,TRD,ENVA
Gothenburg,Göteborg Landvetter Airport,GOT,ESGG
Luleå,Luleå Airport,LLA,ESPA
Malmö,Malmö Airport,MMX,ESMS
Norrköping,Norrköping Airport,NRK,ESSP
Östersund,Åre Östersund Airport,OSD,ESNZ
Stockholm,Stockholm Arlanda Airport,ARN,ESSA
Stockholm,Stockholm Bromma Airport,BMA,ESSB
Stockholm,Stockholm Skavsta Airport,NYO,ESKN
Stockholm,Stockholm Västerås Airport,VST,ESOW
Sundsvall,Sundsvall–Timrå Airport,SDL,ESNN
Umeå,Umeå Airport,UME,ESNU
Växjö,Växjö Airport,VXO,ESMX
Visby,Visby Airport,VBY,ESSV
Pago Pago,Pago Pago International Airport,PPG,NSTU
Adelaide,Adelaide Airport,ADL,YPAD
Brisbane,Brisbane Airport,BNE,YBBN
Broome,Broome International Airport,BME,YBRM
Cairns,Cairns Airport,CNS,YBCS
Canberra,Canberra Airport,CBR,YSCB
Darwin,Darwin International Airport,DRW,YPDN
Gold Coast,Gold Coast Airport,OOL,YBCG
Hobart,Hobart Airport,HBA,YMHB
Horn Island,Horn Island Airport,HID,YHID
Melbourne,Melbourne Airport,MEL,YMML
Newcastle,Newcastle Airport[2] (upcoming),NTL,YWLM
Perth,Perth Airport,PER,YPPH
Sunshine Coast,Sunshine Coast Airport[3],MCY,YBMC
Sydney,Sydney Airport,SYD,YSSY
Sydney,Western Sydney Airport (upcoming),WSI,YSWS
Flying Fish Cove,Christmas Island Airport,XCH,YPXM
Cocos (Keeling) Islands,Cocos (Keeling) Islands Airport,CCK,YPCC
Avarua,Rarotonga Airport,RAR,NCRG
Hanga Roa,Mataveri International Airport,IPC,SCIP
Nadi,Nadi International Airport,NAN,NFFN
Suva,Nausori International Airport,SUV,NFNA
Papeete,Faa'a International Airport,PPT,NTAA
Hagåtña,Antonio B. Won Pat International Airport,GUM,PGUM
Kiritimati,Cassidy International Airport,CXI,PLCH
Tarawa,Bonriki International Airport,TRW,NGTA
Kwajalein,Bucholz Army Airfield,KWA,PKWA
Majuro,Marshall Islands International Airport,MAJ,PKMJ
Chuuk,Chuuk International Airport,TKK,PTKK
Kosrae,Kosrae International Airport,KSA,PTSA
Pohnpei,Pohnpei International Airport,PNI,PTPN
Yap,Yap International Airport,YAP,PTYA
Yaren District,Nauru International Airport,INU,ANYN
Nouméa,La Tontouta International Airport,NOU,NWWW
Auckland,Auckland Airport,AKL,NZAA
Christchurch,Christchurch Airport,CHC,NZCH
Dunedin,Dunedin Airport,DUD,NZDN
Hamilton,Hamilton Airport,HLZ,NZHN
Queenstown,Queenstown Airport,ZQN,NZQN
Wellington,Wellington Airport,WLG,NZWN
Burnt Pine,Norfolk Island Airport,NLK,YSNF
Rota,Rota International Airport,ROP,PGRO
Saipan,Saipan International Airport,SPN,PGSN
Tinian,Tinian International Airport,TIQ,PGWT
Alofi,Niue International Airport,IUE,NIUE
Koror,Roman Tmetuchl International Airport,ROR,PTRO
Daru,Daru Airport,DAU,AYDU
Mount Hagen,Mount Hagen Airport,HGU,AYMH
Port Moresby,Jacksons International Airport,POM,AYPY
Apia,Faleolo International Airport,APW,NSFA
Honiara,Honiara International Airport,HIR,AGGH
Nukuʻalofa,Fuaʻamotu International Airport,TBU,NFTF
Vavaʻu,Vavaʻu International Airport,VAV,NFTV
Funafuti,Funafuti International Airport,FUN,NGFU
Luganville,Santo-Pekoa International Airport,SON,NVSS
Port Vila,Bauerfield International Airport,VLI,NVVV
Futuna,Pointe Vele Airport,FUT,NLWF
Wallis,Hihifo Airport,WLS,NLWW
